,SECTION A,SEX,AGE,MARITAL STATUS,HIGHEST LEVEL OF EDUCATION,HOUSE HOLD SIZE,YEARS OF FARMING EXPERIENCE,OTHER SOURCE OF INCOME,ACCESS TO AGRICULTURAL EXTENSION,,,,MEMBER OF OOPERATIVE SOCIETY,,SECTION B,AVERAGE MONTHLY HOUSEHOLD FOOD EXPENDITURE,AVERAGE MONTHLY HOUSEHOLD EXPENDITURE,AVERAGE MONTHLY HOUSEHOLD  MEDICAL EXPENDITURE,AVERAGE MONTHLY HOUSING AND UTILITY EXPENTITURE,AVERAGE MONTHLY HOUSEHOLD TRANSPORTATION,TOTAL AVERAGE MONTHLY HOUSEHOLD EXPENDITURE,SOURCE OF INCOME,HOW MUCH DO YOU EARN IN A MONTH,HOW MUCH DO YOU EARN FROM THE SALES OF YAM,,SECTION C,WHAT IS YOUR TOTAL FARM SIZE,HOW MANY HECTARES ARE USED SPECIFICALLY FOR YAM FARMING,ACCESS TO CREDIT FOR YAM FARMING DURING LAST SEASON,IF YES APPROXIMATELY HOW MUCH,DO YOU USE IMPROVE YAM VARIETIES,DO  YOU APPLY FERTILIZER OR MANURE ON YOUR YAM FARM,DO YOU USE MODERN FARM TOOLS OR IMPROVED TECHNOLOGIES IN YAM PRODUCTION,,SECTION D,HIGH COST OF FARM INPUTS,INADEQUATE ACCESS TO CREDIT,PEST AND DISEASE INFESTATION,UNPREDICTABLE RAINFALL AND CLIMATE CONDITIONS,HIGH COST AND SCARCITY OF FARM LABOUR,HIGH COST/SCARCITY OF YAM STAKES,POOR ACCESS TO MARKET,LOW AND UNSTABLE PRICES OF YAM,INADEQUATE AGRICULTURAL EXTENSIONSERVICES,POST-HARVEST LOSSES AND INADEQUATE STORAGE FACILITIES
1.0,,1.0,45.0,2.0,12.0,6.0,15.0,1.0,0.0,,,,1.0,,,35000.0,8000.0,5000.0,12000.0,7000.0,67000.0,,75000.0,55000.0,,,2.5,2.0,0.0,0.0,0.0,1.0,0.0,,,5.0,5.0,4.0,3.0,4.0,3.0,3.0,2.0,3.0,5.0
2.0,,1.0,52.0,2.0,12.0,8.0,22.0,1.0,1.0,,,,1.0,,,60000.0,15000.0,8000.0,20000.0,12000.0,115000.0,,130000.0,85000.0,,,3.0,2.2,1.0,50000.0,1.0,1.0,0.0,,,4.0,3.0,5.0,4.0,5.0,5.0,4.0,3.0,3.0,5.0
3.0,,1.0,41.0,2.0,6.0,7.0,18.0,0.0,0.0,,,,1.0,,,42000.0,9000.0,5500.0,14000.0,8500.0,79000.0,,82000.0,78000.0,,,2.0,1.8,0.0,0.0,0.0,0.0,0.0,,,5.0,5.0,4.0,4.0,4.0,4.0,5.0,4.0,5.0,5.0
4.0,,1.0,47.0,2.0,16.0,5.0,12.0,1.0,1.0,,,,1.0,,,85000.0,30000.0,18000.0,35000.0,22000.0,190000.0,,240000.0,120000.0,,,5.0,3.5,1.0,200000.0,1.0,0.0,1.0,,,3.0,2.0,3.0,4.0,3.0,3.0,2.0,3.0,2.0,3.0
5.0,,0.0,35.0,1.0,6.0,6.0,8.0,1.0,0.0,,,,0.0,,,38000.0,7000.0,4000.0,10000.0,6000.0,65000.0,,70000.0,50000.0,,,1.2,1.0,0.0,0.0,0.0,1.0,0.0,,,5.0,5.0,5.0,5.0,5.0,5.0,5.0,4.0,5.0,5.0
6.0,,1.0,60.0,2.0,12.0,10.0,35.0,0.0,0.0,,,,1.0,,,70000.0,8000.0,9000.0,15000.0,10000.0,112000.0,,115000.0,110000.0,,,2.8,2.0,1.0,30000.0,0.0,0.0,0.0,,,4.0,4.0,4.0,5.0,5.0,4.0,4.0,5.0,5.0,4.0
7.0,,0.0,38.0,2.0,6.0,5.0,10.0,0.0,0.0,,,,0.0,,,48000.0,12000.0,6500.0,18000.0,9500.0,94000.0,,100000.0,95000.0,,,1.8,1.5,0.0,0.0,0.0,1.0,1.0,,,5.0,5.0,3.0,5.0,4.0,4.0,3.0,4.0,5.0,4.0
8.0,,1.0,45.0,2.0,12.0,6.0,15.0,1.0,0.0,,,,1.0,,,45000.0,10000.0,5000.0,8000.0,7000.0,75000.0,,60000.0,45000.0,,,2.5,1.5,0.0,0.0,0.0,1.0,0.0,,,4.0,3.0,4.0,5.0,4.0,3.0,2.0,4.0,4.0,5.0
9.0,,1.0,35.0,1.0,12.0,5.0,10.0,1.0,0.0,,,,1.0,,,45600.0,6000.0,8400.0,18000.0,22000.0,100000.0,,175000.0,95000.0,,,2.5,1.6,1.0,90000.0,0.0,0.0,0.0,,,3.0,3.0,3.0,3.0,4.0,4.0,3.0,3.0,3.0,3.0
10.0,,0.0,50.0,2.0,12.0,6.0,20.0,0.0,1.0,,,,1.0,,,52000.0,14000.0,7500.0,16000.0,11000.0,100500.0,,105000.0,100000.0,,,2.2,1.8,0.0,0.0,0.0,1.0,0.0,,,5.0,4.0,4.0,4.0,4.0,5.0,3.0,4.0,4.0,4.0
11.0,,1.0,55.0,2.0,6.0,9.0,28.0,1.0,0.0,,,,1.0,,,68000.0,10000.0,6000.0,12000.0,7000.0,103000.0,,980000.0,95000.0,,,1.5,1.2,0.0,0.0,0.0,0.0,0.0,,,4.0,3.0,4.0,3.0,5.0,3.0,3.0,5.0,4.0,5.0
12.0,,1.0,33.0,1.0,16.0,3.0,6.0,1.0,1.0,,,,0.0,,,55000.0,5000.0,8000.0,20000.0,15000.0,103000.0,,145000.0,75000.0,,,2.2,2.0,1.0,80000.0,0.0,1.0,0.0,,,4.0,3.0,3.0,3.0,4.0,3.0,4.0,3.0,3.0,3.0
13.0,,1.0,46.0,2.0,12.0,5.0,18.0,1.0,1.0,,,,1.0,,,72000.0,25000.0,15000.0,30000.0,20000.0,162000.0,,195000.0,110000.0,,,3.5,2.2,1.0,100000.0,0.0,1.0,0.0,,,4.0,4.0,3.0,4.0,3.0,5.0,3.0,2.0,4.0,5.0
14.0,,0.0,41.0,2.0,16.0,5.0,15.0,1.0,0.0,,,,1.0,,,55000.0,17000.0,9000.0,21000.0,15000.0,118000.0,,183000.0,115000.0,,,3.0,2.0,1.0,60000.0,0.0,1.0,0.0,,,4.0,3.0,3.0,4.0,4.0,4.0,2.0,3.0,3.0,4.0
15.0,,0.0,46.0,4.0,16.0,5.0,12.0,1.0,1.0,,,,1.0,,,53500.0,14500.0,7500.0,18800.0,10200.0,104500.0,,153000.0,88000.0,,,2.2,1.5,0.0,0.0,0.0,1.0,0.0,,,3.0,3.0,3.0,3.0,4.0,3.0,2.0,2.0,4.0,3.0
16.0,,1.0,44.0,2.0,12.0,4.0,15.0,1.0,1.0,,,,0.0,,,65000.0,20000.0,12000.0,25000.0,18000.0,140000.0,,180000.0,100000.0,,,4.0,2.5,1.0,150000.0,0.0,1.0,0.0,,,3.0,3.0,2.0,4.0,3.0,3.0,3.0,3.0,2.0,3.0
17.0,,0.0,42.0,4.0,6.0,7.0,14.0,1.0,0.0,,,,0.0,,,48000.0,9000.0,5500.0,11000.0,8500.0,82000.0,,85000.0,60000.0,,,1.8,1.2,0.0,0.0,0.0,0.0,0.0,,,5.0,5.0,4.0,4.0,5.0,5.0,4.0,4.0,5.0,5.0
18.0,,1.0,51.0,2.0,12.0,10.0,32.0,0.0,0.0,,,,1.0,,,75000.0,12000.0,8000.0,15000.0,10000.0,120000.0,,115000.0,110000.0,,,2.2,1.8,0.0,0.0,0.0,1.0,0.0,,,5.0,5.0,4.0,5.0,5.0,4.0,4.0,3.0,5.0,5.0
19.0,,1.0,39.0,2.0,16.0,4.0,11.0,1.0,1.0,,,,0.0,,,65000.0,35000.0,14000.0,32000.0,22000.0,168000.0,,225000.0,95000.0,,,3.2,2.0,1.0,150000.0,0.0,1.0,1.0,,,3.0,2.0,2.0,3.0,3.0,3.0,2.0,2.0,2.0,2.0
20.0,,0.0,31.0,2.0,12.0,5.0,6.0,1.0,0.0,,,,0.0,,,42000.0,11000.0,6000.0,12000.0,8000.0,79000.0,,78000.0,168000.0,,,1.3,0.9,0.0,0.0,0.0,1.0,0.0,,,5.0,5.0,5.0,4.0,5.0,5.0,4.0,4.0,5.0,4.0
21.0,,1.0,46.0,2.0,12.0,6.0,18.0,1.0,1.0,,,,1.0,,,52300.0,18500.0,9200.0,21000.0,14750.0,115750.0,,168000.0,112000.0,,,2.8,1.9,1.0,85000.0,0.0,1.0,0.0,,,4.0,3.0,3.0,4.0,5.0,4.0,2.0,3.0,3.0,4.0
22.0,,0.0,38.0,2.0,6.0,7.0,15.0,1.0,0.0,,,,1.0,,,48500.0,12000.0,7800.0,15500.0,11200.0,95000.0,,138000.0,88000.0,,,1.8,1.2,0.0,0.0,0.0,1.0,0.0,,,5.0,4.0,3.0,4.0,5.0,4.0,3.0,3.0,4.0,5.0
23.0,,1.0,52.0,2.0,12.0,5.0,22.0,1.0,0.0,,,,1.0,,,58200.0,22000.0,11500.0,24000.0,16300.0,132000.0,,195000.0,125000.0,,,3.2,2.1,1.0,120000.0,0.0,1.0,0.0,,,3.0,2.0,2.0,3.0,4.0,3.0,2.0,2.0,2.0,3.0
24.0,,1.0,44.0,2.0,16.0,4.0,16.0,1.0,1.0,,,,0.0,,,62000.0,28000.0,13000.0,30000.0,18500.0,151500.0,,245000.0,145000.0,,,4.4,3.0,1.0,200000.0,0.0,0.0,0.0,,,2.0,2.0,3.0,2.0,3.0,3.0,1.0,2.0,2.0,2.0
25.0,,0.0,53.0,4.0,6.0,8.0,28.0,1.0,0.0,,,,1.0,,,71400.0,9500.0,6200.0,12000.0,8900.0,108000.0,,122000.0,98000.0,,,1.5,1.0,0.0,0.0,0.0,1.0,0.0,,,5.0,5.0,4.0,5.0,5.0,5.0,4.0,4.0,5.0,5.0
26.0,,1.0,60.0,2.0,6.0,9.0,35.0,0.0,0.0,,,,1.0,,,85000.0,15000.0,10500.0,14000.0,9500.0,134000.0,,156000.0,118000.0,,,2.2,1.4,0.0,0.0,0.0,1.0,0.0,,,4.0,4.0,4.0,4.0,5.0,5.0,3.0,3.0,4.0,4.0
27.0,,0.0,33.0,2.0,12.0,5.0,9.0,1.0,0.0,,,,1.0,,,51000.0,14500.0,7000.0,19000.0,10500.0,102000.0,,148000.0,92000.0,,,1.9,1.3,1.0,65000.0,0.0,1.0,0.0,,,4.0,3.0,3.0,3.0,4.0,4.0,3.0,2.0,3.0,4.0
28.0,,1.0,48.0,2.0,6.0,6.0,20.0,1.0,0.0,,,,1.0,,,59800.0,11200.0,6500.0,16500.0,10000.0,104000.0,,131000.0,105000.0,,,2.0,1.5,0.0,0.0,0.0,1.0,0.0,,,5.0,5.0,4.0,4.0,5.0,4.0,4.0,3.0,5.0,5.0
29.0,,1.0,55.0,2.0,12.0,10.0,30.0,0.0,0.0,,,,1.0,,,92000.0,8000.0,9000.0,13000.0,8000.0,130000.0,,145000.0,115000.0,,,1.6,1.1,0.0,0.0,0.0,1.0,0.0,,,5.0,5.0,5.0,5.0,5.0,4.0,4.0,3.0,4.0,5.0
30.0,,1.0,42.0,2.0,12.0,6.0,17.0,1.0,1.0,,,,1.0,,,54200.0,19500.0,8800.0,22000.0,14500.0,119000.0,,172000.0,108000.0,,,2.7,1.8,1.0,50000.0,0.0,1.0,0.0,,,4.0,3.0,2.0,4.0,4.0,4.0,2.0,3.0,3.0,4.0
31.0,,0.0,48.0,4.0,6.0,6.0,23.0,1.0,0.0,,,,1.0,,,60500.0,9500.0,6500.0,14000.0,9000.0,99500.0,,140000.0,100000.0,,,1.5,1.0,0.0,0.0,0.0,1.0,0.0,,,5.0,4.0,4.0,5.0,5.0,4.0,4.0,3.0,4.0,5.0
32.0,,0.0,47.0,2.0,6.0,7.0,21.0,1.0,0.0,,,,1.0,,,61000.0,10500.0,7200.0,14500.0,9800.0,103000.0,,129000.0,86000.0,,,1.7,1.1,0.0,0.0,0.0,1.0,0.0,,,5.0,4.0,4.0,4.0,5.0,4.0,4.0,3.0,4.0,5.0
33.0,,1.0,39.0,2.0,16.0,4.0,12.0,1.0,1.0,,,,1.0,,,63500.0,32000.0,12500.0,28000.0,19000.0,155000.0,,268000.0,152000.0,,,3.8,2.5,1.0,80000.0,0.0,1.0,0.0,,,2.0,2.0,2.0,2.0,3.0,2.0,1.0,2.0,1.0,2.0
34.0,,0.0,36.0,1.0,12.0,4.0,11.0,1.0,1.0,,,,1.0,,,44000.0,8000.0,6500.0,17000.0,10500.0,86000.0,,142000.0,78000.0,,,2.0,1.4,1.0,30000.0,0.0,1.0,1.0,,,3.0,3.0,3.0,3.0,4.0,3.0,2.0,3.0,3.0,4.0
35.0,,1.0,58.0,2.0,6.0,9.0,33.0,0.0,1.0,,,,1.0,,,88500.0,7500.0,8000.0,11000.0,7000.0,122000.0,,139000.0,107000.0,,,1.9,1.2,0.0,0.0,0.0,1.0,0.0,,,5.0,5.0,4.0,5.0,5.0,5.0,4.0,4.0,5.0,4.0
36.0,,0.0,40.0,2.0,16.0,5.0,14.0,1.0,0.0,,,,1.0,,,56000.0,18000.0,9500.0,20000.0,11500.0,115000.0,,165000.0,98000.0,,,2.2,1.5,1.0,35000.0,0.0,0.0,0.0,,,3.0,3.0,3.0,3.0,4.0,3.0,2.0,2.0,4.0,4.0
37.0,,1.0,46.0,2.0,6.0,6.0,19.0,1.0,0.0,,,,1.0,,,57700.0,13000.0,7900.0,18500.0,12300.0,109000.0,,161000.0,102000.0,,,2.6,1.6,1.0,40000.0,0.0,1.0,0.0,,,4.0,3.0,3.0,4.0,5.0,4.0,3.0,3.0,4.0,4.0
38.0,,1.0,50.0,2.0,6.0,8.0,24.0,0.0,0.0,,,,1.0,,,74000.0,12500.0,8200.0,15000.0,10300.0,120000.0,,148000.0,112000.0,,,2.1,1.4,0.0,0.0,0.0,1.0,0.0,,,5.0,4.0,4.0,4.0,5.0,4.0,4.0,3.0,3.0,5.0
39.0,,0.0,32.0,2.0,12.0,4.0,8.0,1.0,0.0,,,,1.0,,,49000.0,16000.0,7500.0,19500.0,10500.0,103000.0,,158000.0,89000.0,,,2.3,1.5,1.0,25000.0,0.0,1.0,0.0,,,3.0,2.0,3.0,3.0,4.0,3.0,2.0,2.0,3.0,3.0
40.0,,1.0,62.0,2.0,12.0,10.0,38.0,1.0,0.0,,,,1.0,,,95000.0,6000.0,11000.0,12500.0,8500.0,133000.0,,152000.0,124000.0,,,1.8,1.2,0.0,0.0,0.0,1.0,0.0,,,5.0,5.0,5.0,4.0,5.0,3.0,4.0,5.0,4.0,3.0
41.0,,1.0,37.0,2.0,16.0,4.0,10.0,1.0,0.0,,,,1.0,,,60000.0,25000.0,12000.0,26000.0,17000.0,140000.0,,235000.0,138000.0,,,4.0,2.8,1.0,60000.0,0.0,1.0,0.0,,,2.0,2.0,2.0,2.0,3.0,2.0,1.0,1.0,2.0,3.0
42.0,,1.0,53.0,2.0,12.0,7.0,26.0,1.0,0.0,,,,1.0,,,68000.0,16500.0,9200.0,18000.0,11300.0,123000.0,,167000.0,119000.0,,,2.6,1.7,1.0,35000.0,0.0,1.0,0.0,,,4.0,4.0,4.0,3.0,3.0,3.0,4.0,4.0,2.0,3.0
43.0,,0.0,63.0,4.0,16.0,6.0,15.0,1.0,1.0,,,,1.0,,,52800.0,15000.0,7700.0,19000.0,10500.0,105000.0,,151000.0,87000.0,,,2.1,1.4,1.0,50000.0,0.0,1.0,0.0,,,3.0,3.0,3.0,3.0,4.0,2.0,2.0,3.0,3.0,4.0
44.0,,1.0,49.0,2.0,16.0,6.0,22.0,1.0,1.0,,,,1.0,,,62500.0,11000.0,7000.0,16000.0,9500.0,106000.0,,133000.0,103000.0,,,2.0,1.3,0.0,0.0,0.0,1.0,0.0,,,5.0,4.0,4.0,4.0,3.0,3.0,2.0,3.0,4.0,5.0
45.0,,0.0,47.0,2.0,12.0,8.0,27.0,1.0,0.0,,,,1.0,,,78000.0,8500.0,6500.0,12000.0,8000.0,113000.0,,135000.0,101000.0,,,1.7,1.1,0.0,0.0,0.0,0.0,0.0,,,5.0,5.0,4.0,3.0,4.0,3.0,4.0,5.0,2.0,3.0
46.0,,2.0,52.0,2.0,12.0,5.0,18.0,1.0,0.0,,,,1.0,,,57000.0,20000.0,10000.0,23000.0,16000.0,126000.0,,192200.0,121000.0,,,3.1,2.0,1.0,80000.0,0.0,1.0,0.0,,,3.0,3.0,2.0,3.0,4.0,3.0,2.0,,3.0,3.0
47.0,,1.0,56.0,2.0,6.0,7.0,29.0,0.0,0.0,,,,1.0,,,66500.0,10000.0,8500.0,14000.0,9000.0,108000.0,,141000.0,109000.0,,,2.2,1.5,0.0,0.0,0.0,1.0,0.0,,,5.0,4.0,4.0,4.0,5.0,4.0,3.0,3.0,4.0,5.0
48.0,,0.0,30.0,1.0,16.0,4.0,7.0,1.0,0.0,,,,1.0,,,48000.0,13500.0,7200.0,18500.0,9800.0,97000.0,,146000.0,84000.0,,,2.0,1.3,1.0,30000.0,0.0,1.0,0.0,,,3.0,3.0,3.0,4.0,3.0,2.0,2.0,3.0,3.0,4.0
49.0,,0.0,45.0,2.0,12.0,6.0,20.0,1.0,1.0,,,,1.0,,,56800.0,17000.0,9200.0,21500.0,13500.0,118000.0,,180000.0,115000.0,,,2.9,2.0,1.0,50000.0,0.0,1.0,0.0,,,4.0,3.0,3.0,4.0,4.0,4.0,2.0,3.0,3.0,4.0
50.0,,1.0,38.0,2.0,16.0,5.0,11.0,1.0,1.0,,,,1.0,,,65000.0,30000.0,13500.0,29000.0,20500.0,158000.0,,300000.0,145000.0,,,4.2,2.9,1.0,80000.0,0.0,1.0,1.0,,,2.0,2.0,2.0,2.0,3.0,2.0,1.0,2.0,1.0,2.0
51.0,,0.0,41.0,2.0,12.0,5.0,16.0,1.0,1.0,,,,1.0,,,54000.0,16500.0,8500.0,20000.0,11000.0,110000.0,,200000.0,95000.0,,,2.3,1.6,1.0,25000.0,0.0,1.0,1.0,,,3.0,3.0,3.0,3.0,4.0,3.0,2.0,2.0,3.0,3.0
52.0,,1.0,60.0,2.0,12.0,9.0,34.0,1.0,0.0,,,,0.0,,,58500.0,12000.0,7800.0,17000.0,11700.0,107000.0,,170000.0,100000.0,,,2.4,1.6,0.0,0.0,0.0,1.0,0.0,,,4.0,3.0,3.0,4.0,5.0,4.0,3.0,3.0,4.0,4.0
53.0,,0.0,40.0,2.0,16.0,5.0,13.0,1.0,1.0,,,,0.0,,,53200.0,14000.0,8000.0,19500.0,10300.0,105000.0,,250000.0,125000.0,,,2.1,1.4,1.0,30000.0,0.0,0.0,0.0,,,3.0,3.0,3.0,4.0,3.0,2.0,2.0,3.0,4.0,2.0
54.0,,1.0,52.0,2.0,6.0,8.0,25.0,0.0,0.0,,,,1.0,,,76000.0,11500.0,8000.0,14500.0,10000.0,120000.0,,150000.0,115000.0,,,2.2,1.5,0.0,0.0,0.0,0.0,0.0,,,5.0,4.0,4.0,3.0,5.0,3.0,3.0,4.0,5.0,3.0
55.0,,0.0,33.0,2.0,12.0,4.0,9.0,1.0,0.0,,,,1.0,,,50000.0,15500.0,7800.0,20000.0,10700.0,104000.0,,185000.0,91000.0,,,2.2,1.5,1.0,50000.0,0.0,1.0,0.0,,,3.0,3.0,3.0,2.0,4.0,2.0,3.0,4.0,5.0,2.0
56.0,,1.0,63.0,2.0,16.0,10.0,40.0,1.0,0.0,,,,1.0,,,96000.0,5500.0,10500.0,12000.0,8000.0,132000.0,,200000.0,120000.0,,,1.9,1.2,0.0,0.0,0.0,1.0,0.0,,,5.0,4.0,3.0,4.0,2.0,3.0,4.0,3.0,4.0,5.0
57.0,,1.0,43.0,2.0,12.0,5.0,17.0,1.0,0.0,,,,1.0,,,55000.0,18000.0,9500.0,22000.0,14500.0,119000.0,,185000.0,108000.0,,,3.0,2.0,0.0,0.0,0.0,0.0,0.0,,,4.0,3.0,3.0,4.0,4.0,4.0,2.0,3.0,3.0,4.0
58.0,,1.0,54.0,2.0,6.0,7.0,27.0,1.0,1.0,,,,1.0,,,69000.0,17000.0,9500.0,19000.0,11500.0,126000.0,,175000.0,121000.0,,,2.7,1.8,1.0,65000.0,0.0,1.0,0.0,,,4.0,3.0,3.0,4.0,4.0,4.0,3.0,3.0,3.0,4.0
59.0,,1.0,56.0,2.0,12.0,7.0,14.0,1.0,0.0,,,,0.0,,,55200.0,17500.0,8500.0,20500.0,11800.0,223500.0,,168000.0,95000.0,,,2.4,1.6,0.0,0.0,0.0,1.0,0.0,,,4.0,3.0,3.0,3.0,4.0,4.0,2.0,4.0,3.0,3.0
60.0,,0.0,45.0,4.0,6.0,6.0,18.0,1.0,0.0,,,,1.0,,,58000.0,9000.0,6800.0,13500.0,8700.0,96000.0,,124000.0,82000.0,,,1.6,1.0,0.0,0.0,0.0,1.0,0.0,,,5.0,4.0,4.0,5.0,5.0,4.0,4.0,3.0,4.0,5.0
